{
  "10_country_114_beat_4-4": 16.943519592285156,
  "4_jazz_120_beat_3-4": 15.898252487182617,
  "6_rock_102_beat_3-4": 18.444046020507812,
  "【菊花台-周杰倫（D調）】附伴奏⧸鋼琴伴奏(竹笛Bamboo flute、Roland Aerophone AE-10) 演奏：蘇俊琪(PSR-S970)audio-technica AT-2035_60s": 4.432884693145752,
  "Mussorgsky： Pictures at an Exhibition (Pletnev, Andsnes)_60s": 4.197452545166016,
  "【楽譜あり】IRIS OUT⧸米津玄師（ピアノソロ上級）劇場版『チェンソーマン レゼ篇』主題歌【ピアノアレンジ楽譜】": 13.409621238708496,
  "Spirited Away OST「Always With Me ⧸ Itsumo Nando Demo」Ru's Piano Cover [Sheet Music]_60s": 17.44439697265625,
  "Hedwig’s theme x dizi ｜from Harry Potter ｜竹笛也能施魔法！Bamboo flute_60s": 14.349367141723633,
  "竹笛｜这世界那么多人_cover 莫文蔚_60s": 17.318191528320312
}