{
  "10_country_114_beat_4-4": 0.07507739938080496,
  "4_jazz_120_beat_3-4": 0.050890092879256964,
  "6_rock_102_beat_3-4": 0.09829721362229102,
  "Hedwig’s theme x dizi ｜from Harry Potter ｜竹笛也能施魔法！Bamboo flute_60s": 0.1251934984520124,
  "Mussorgsky： Pictures at an Exhibition (Pletnev, Andsnes)_60s": 0.024961300309597523,
  "Spirited Away OST「Always With Me ⧸ Itsumo Nando Demo」Ru's Piano Cover [Sheet Music]_60s": 0.08184984520123839,
  "【楽譜あり】IRIS OUT⧸米津玄師（ピアノソロ上級）劇場版『チェンソーマン レゼ篇』主題歌【ピアノアレンジ楽譜】": 0.031153250773993807,
  "【菊花台-周杰倫（D調）】附伴奏⧸鋼琴伴奏(竹笛Bamboo flute、Roland Aerophone AE-10) 演奏：蘇俊琪(PSR-S970)audio-technica AT-2035_60s": 0.01780185758513932,
  "竹笛｜这世界那么多人_cover 莫文蔚_60s": 0.22020123839009287
}