{
  "10_country_114_beat_4-4": 0.07347809228383094,
  "4_jazz_120_beat_3-4": 0.03819309810003878,
  "6_rock_102_beat_3-4": 0.09082977898410237,
  "Hedwig’s theme x dizi ｜from Harry Potter ｜竹笛也能施魔法！Bamboo flute_60s": 0.11729352462194649,
  "Mussorgsky： Pictures at an Exhibition (Pletnev, Andsnes)_60s": 0.03867778208607987,
  "Spirited Away OST「Always With Me ⧸ Itsumo Nando Demo」Ru's Piano Cover [Sheet Music]_60s": 0.11322217913920124,
  "【楽譜あり】IRIS OUT⧸米津玄師（ピアノソロ上級）劇場版『チェンソーマン レゼ篇』主題歌【ピアノアレンジ楽譜】": 0.05942225668863901,
  "【菊花台-周杰倫（D調）】附伴奏⧸鋼琴伴奏(竹笛Bamboo flute、Roland Aerophone AE-10) 演奏：蘇俊琪(PSR-S970)audio-technica AT-2035_60s": 0.03790228770841411,
  "竹笛｜这世界那么多人_cover 莫文蔚_60s": 0.19620007754943777
}