{
  "10_country_114_beat_4-4": 427.50494384765625,
  "4_jazz_120_beat_3-4": 394.5115966796875,
  "6_rock_102_beat_3-4": 545.17041015625,
  "【菊花台-周杰倫（D調）】附伴奏⧸鋼琴伴奏(竹笛Bamboo flute、Roland Aerophone AE-10) 演奏：蘇俊琪(PSR-S970)audio-technica AT-2035_60s": 127.04224395751953,
  "Mussorgsky： Pictures at an Exhibition (Pletnev, Andsnes)_60s": 259.12530517578125,
  "【楽譜あり】IRIS OUT⧸米津玄師（ピアノソロ上級）劇場版『チェンソーマン レゼ篇』主題歌【ピアノアレンジ楽譜】": 419.52618408203125,
  "Spirited Away OST「Always With Me ⧸ Itsumo Nando Demo」Ru's Piano Cover [Sheet Music]_60s": 541.9332275390625,
  "Hedwig’s theme x dizi ｜from Harry Potter ｜竹笛也能施魔法！Bamboo flute_60s": 517.8460693359375,
  "竹笛｜这世界那么多人_cover 莫文蔚_60s": 509.96551513671875
}