{
  "竹笛｜这世界那么多人_cover 莫文蔚_60s": 793.2145385742188,
  "10_country_114_beat_4-4": 564.416259765625,
  "【菊花台-周杰倫（D調）】附伴奏⧸鋼琴伴奏(竹笛Bamboo flute、Roland Aerophone AE-10) 演奏：蘇俊琪(PSR-S970)audio-technica AT-2035_60s": 895.287109375,
  "Spirited Away OST「Always With Me ⧸ Itsumo Nando Demo」Ru's Piano Cover [Sheet Music]_60s": 914.4656982421875,
  "4_jazz_120_beat_3-4": 451.03472900390625,
  "【楽譜あり】IRIS OUT⧸米津玄師（ピアノソロ上級）劇場版『チェンソーマン レゼ篇』主題歌【ピアノアレンジ楽譜】": 671.3092041015625,
  "6_rock_102_beat_3-4": 609.5614624023438,
  "Hedwig’s theme x dizi ｜from Harry Potter ｜竹笛也能施魔法！Bamboo flute_60s": 904.3335571289062,
  "Mussorgsky： Pictures at an Exhibition (Pletnev, Andsnes)_60s": 808.804443359375
}