{
  "10_country_114_beat_4-4": 14.828055381774902,
  "4_jazz_120_beat_3-4": 13.816598892211914,
  "6_rock_102_beat_3-4": 18.369108200073242,
  "【菊花台-周杰倫（D調）】附伴奏⧸鋼琴伴奏(竹笛Bamboo flute、Roland Aerophone AE-10) 演奏：蘇俊琪(PSR-S970)audio-technica AT-2035_60s": 4.940578460693359,
  "Mussorgsky： Pictures at an Exhibition (Pletnev, Andsnes)_60s": 3.8544323444366455,
  "【楽譜あり】IRIS OUT⧸米津玄師（ピアノソロ上級）劇場版『チェンソーマン レゼ篇』主題歌【ピアノアレンジ楽譜】": 11.202442169189453,
  "Spirited Away OST「Always With Me ⧸ Itsumo Nando Demo」Ru's Piano Cover [Sheet Music]_60s": 16.347932815551758,
  "Hedwig’s theme x dizi ｜from Harry Potter ｜竹笛也能施魔法！Bamboo flute_60s": 16.474342346191406,
  "竹笛｜这世界那么多人_cover 莫文蔚_60s": 13.690176010131836
}