{
  "【楽譜あり】IRIS OUT⧸米津玄師（ピアノソロ上級）劇場版『チェンソーマン レゼ篇』主題歌【ピアノアレンジ楽譜】": 28.52796745300293,
  "Spirited Away OST「Always With Me ⧸ Itsumo Nando Demo」Ru's Piano Cover [Sheet Music]_60s": 21.54769515991211,
  "Mussorgsky： Pictures at an Exhibition (Pletnev, Andsnes)_60s": 23.36355972290039,
  "竹笛｜这世界那么多人_cover 莫文蔚_60s": 26.30396270751953,
  "6_rock_102_beat_3-4": 22.304412841796875,
  "【菊花台-周杰倫（D調）】附伴奏⧸鋼琴伴奏(竹笛Bamboo flute、Roland Aerophone AE-10) 演奏：蘇俊琪(PSR-S970)audio-technica AT-2035_60s": 22.492935180664062,
  "10_country_114_beat_4-4": 17.356237411499023,
  "4_jazz_120_beat_3-4": 14.740150451660156,
  "Hedwig’s theme x dizi ｜from Harry Potter ｜竹笛也能施魔法！Bamboo flute_60s": 24.74163055419922
}