{
  "竹笛｜这世界那么多人_cover 莫文蔚_60s": 801.3040771484375,
  "10_country_114_beat_4-4": 523.5082397460938,
  "【菊花台-周杰倫（D調）】附伴奏⧸鋼琴伴奏(竹笛Bamboo flute、Roland Aerophone AE-10) 演奏：蘇俊琪(PSR-S970)audio-technica AT-2035_60s": 574.2731323242188,
  "Spirited Away OST「Always With Me ⧸ Itsumo Nando Demo」Ru's Piano Cover [Sheet Music]_60s": 729.3502197265625,
  "4_jazz_120_beat_3-4": 403.62860107421875,
  "【楽譜あり】IRIS OUT⧸米津玄師（ピアノソロ上級）劇場版『チェンソーマン レゼ篇』主題歌【ピアノアレンジ楽譜】": 844.8311157226562,
  "6_rock_102_beat_3-4": 730.6029052734375,
  "Hedwig’s theme x dizi ｜from Harry Potter ｜竹笛也能施魔法！Bamboo flute_60s": 695.0818481445312,
  "Mussorgsky： Pictures at an Exhibition (Pletnev, Andsnes)_60s": 796.631103515625
}