{
  "10_country_114_beat_4-4": 0.09398266813133163,
  "4_jazz_120_beat_3-4": 0.041498840473575,
  "6_rock_102_beat_3-4": 0.06029537409984133,
  "Hedwig’s theme x dizi ｜from Harry Potter ｜竹笛也能施魔法！Bamboo flute_60s": 0.03893567679726596,
  "Mussorgsky： Pictures at an Exhibition (Pletnev, Andsnes)_60s": 0.1277920175759795,
  "Spirited Away OST「Always With Me ⧸ Itsumo Nando Demo」Ru's Piano Cover [Sheet Music]_60s": 0.024289027218357136,
  "【楽譜あり】IRIS OUT⧸米津玄師（ピアノソロ上級）劇場版『チェンソーマン レゼ篇』主題歌【ピアノアレンジ楽譜】": 0.10692054192603442,
  "【菊花台-周杰倫（D調）】附伴奏⧸鋼琴伴奏(竹笛Bamboo flute、Roland Aerophone AE-10) 演奏：蘇俊琪(PSR-S970)audio-technica AT-2035_60s": 0.06810692054192603,
  "竹笛｜这世界那么多人_cover 莫文蔚_60s": 0.10643232027340413
}