{
  "10_country_114_beat_4-4": 14.36168384552002,
  "4_jazz_120_beat_3-4": 13.348538398742676,
  "6_rock_102_beat_3-4": 18.17247772216797,
  "【菊花台-周杰倫（D調）】附伴奏⧸鋼琴伴奏(竹笛Bamboo flute、Roland Aerophone AE-10) 演奏：蘇俊琪(PSR-S970)audio-technica AT-2035_60s": 7.098758697509766,
  "Mussorgsky： Pictures at an Exhibition (Pletnev, Andsnes)_60s": 9.13793659210205,
  "【楽譜あり】IRIS OUT⧸米津玄師（ピアノソロ上級）劇場版『チェンソーマン レゼ篇』主題歌【ピアノアレンジ楽譜】": 11.210545539855957,
  "Spirited Away OST「Always With Me ⧸ Itsumo Nando Demo」Ru's Piano Cover [Sheet Music]_60s": 17.32927894592285,
  "Hedwig’s theme x dizi ｜from Harry Potter ｜竹笛也能施魔法！Bamboo flute_60s": 15.55347728729248,
  "竹笛｜这世界那么多人_cover 莫文蔚_60s": 17.76052474975586
}