{
  "【楽譜あり】IRIS OUT⧸米津玄師（ピアノソロ上級）劇場版『チェンソーマン レゼ篇』主題歌【ピアノアレンジ楽譜】": 28.432445526123047,
  "Spirited Away OST「Always With Me ⧸ Itsumo Nando Demo」Ru's Piano Cover [Sheet Music]_60s": 27.419689178466797,
  "Mussorgsky： Pictures at an Exhibition (Pletnev, Andsnes)_60s": 26.2198486328125,
  "竹笛｜这世界那么多人_cover 莫文蔚_60s": 27.293821334838867,
  "6_rock_102_beat_3-4": 20.901418685913086,
  "【菊花台-周杰倫（D調）】附伴奏⧸鋼琴伴奏(竹笛Bamboo flute、Roland Aerophone AE-10) 演奏：蘇俊琪(PSR-S970)audio-technica AT-2035_60s": 25.673789978027344,
  "10_country_114_beat_4-4": 17.641725540161133,
  "4_jazz_120_beat_3-4": 18.15055274963379,
  "Hedwig’s theme x dizi ｜from Harry Potter ｜竹笛也能施魔法！Bamboo flute_60s": 29.281814575195312
}