{
  "10_country_114_beat_4-4": 12.53886604309082,
  "4_jazz_120_beat_3-4": 14.606029510498047,
  "6_rock_102_beat_3-4": 17.281940460205078,
  "【菊花台-周杰倫（D調）】附伴奏⧸鋼琴伴奏(竹笛Bamboo flute、Roland Aerophone AE-10) 演奏：蘇俊琪(PSR-S970)audio-technica AT-2035_60s": 5.280739784240723,
  "Mussorgsky： Pictures at an Exhibition (Pletnev, Andsnes)_60s": 6.730862140655518,
  "【楽譜あり】IRIS OUT⧸米津玄師（ピアノソロ上級）劇場版『チェンソーマン レゼ篇』主題歌【ピアノアレンジ楽譜】": 14.068553924560547,
  "Spirited Away OST「Always With Me ⧸ Itsumo Nando Demo」Ru's Piano Cover [Sheet Music]_60s": 16.68525505065918,
  "Hedwig’s theme x dizi ｜from Harry Potter ｜竹笛也能施魔法！Bamboo flute_60s": 16.27454948425293,
  "竹笛｜这世界那么多人_cover 莫文蔚_60s": 15.754324913024902
}