{
  "竹笛｜这世界那么多人_cover 莫文蔚_60s": 795.4075927734375,
  "10_country_114_beat_4-4": 337.874267578125,
  "【菊花台-周杰倫（D調）】附伴奏⧸鋼琴伴奏(竹笛Bamboo flute、Roland Aerophone AE-10) 演奏：蘇俊琪(PSR-S970)audio-technica AT-2035_60s": 689.1708374023438,
  "Spirited Away OST「Always With Me ⧸ Itsumo Nando Demo」Ru's Piano Cover [Sheet Music]_60s": 792.8347778320312,
  "4_jazz_120_beat_3-4": 333.0099182128906,
  "【楽譜あり】IRIS OUT⧸米津玄師（ピアノソロ上級）劇場版『チェンソーマン レゼ篇』主題歌【ピアノアレンジ楽譜】": 696.71728515625,
  "6_rock_102_beat_3-4": 583.1995849609375,
  "Hedwig’s theme x dizi ｜from Harry Potter ｜竹笛也能施魔法！Bamboo flute_60s": 917.1044921875,
  "Mussorgsky： Pictures at an Exhibition (Pletnev, Andsnes)_60s": 766.1702880859375
}