{
  "10_country_114_beat_4-4": 407.1822814941406,
  "4_jazz_120_beat_3-4": 406.33984375,
  "6_rock_102_beat_3-4": 528.491943359375,
  "【菊花台-周杰倫（D調）】附伴奏⧸鋼琴伴奏(竹笛Bamboo flute、Roland Aerophone AE-10) 演奏：蘇俊琪(PSR-S970)audio-technica AT-2035_60s": 235.06320190429688,
  "Mussorgsky： Pictures at an Exhibition (Pletnev, Andsnes)_60s": 357.55438232421875,
  "【楽譜あり】IRIS OUT⧸米津玄師（ピアノソロ上級）劇場版『チェンソーマン レゼ篇』主題歌【ピアノアレンジ楽譜】": 420.2928466796875,
  "Spirited Away OST「Always With Me ⧸ Itsumo Nando Demo」Ru's Piano Cover [Sheet Music]_60s": 464.49615478515625,
  "Hedwig’s theme x dizi ｜from Harry Potter ｜竹笛也能施魔法！Bamboo flute_60s": 529.25,
  "竹笛｜这世界那么多人_cover 莫文蔚_60s": 470.2010498046875
}