{
  "10_country_114_beat_4-4": 11.217727661132812,
  "4_jazz_120_beat_3-4": 13.284558296203613,
  "6_rock_102_beat_3-4": 15.196537017822266,
  "【菊花台-周杰倫（D調）】附伴奏⧸鋼琴伴奏(竹笛Bamboo flute、Roland Aerophone AE-10) 演奏：蘇俊琪(PSR-S970)audio-technica AT-2035_60s": 6.897696018218994,
  "Mussorgsky： Pictures at an Exhibition (Pletnev, Andsnes)_60s": 9.868894577026367,
  "【楽譜あり】IRIS OUT⧸米津玄師（ピアノソロ上級）劇場版『チェンソーマン レゼ篇』主題歌【ピアノアレンジ楽譜】": 11.84731674194336,
  "Spirited Away OST「Always With Me ⧸ Itsumo Nando Demo」Ru's Piano Cover [Sheet Music]_60s": 15.174084663391113,
  "Hedwig’s theme x dizi ｜from Harry Potter ｜竹笛也能施魔法！Bamboo flute_60s": 16.253915786743164,
  "竹笛｜这世界那么多人_cover 莫文蔚_60s": 14.47400951385498
}