{
  "【楽譜あり】IRIS OUT⧸米津玄師（ピアノソロ上級）劇場版『チェンソーマン レゼ篇』主題歌【ピアノアレンジ楽譜】": 25.57753562927246,
  "Spirited Away OST「Always With Me ⧸ Itsumo Nando Demo」Ru's Piano Cover [Sheet Music]_60s": 26.440357208251953,
  "Mussorgsky： Pictures at an Exhibition (Pletnev, Andsnes)_60s": 22.80097007751465,
  "竹笛｜这世界那么多人_cover 莫文蔚_60s": 26.608606338500977,
  "6_rock_102_beat_3-4": 19.093002319335938,
  "【菊花台-周杰倫（D調）】附伴奏⧸鋼琴伴奏(竹笛Bamboo flute、Roland Aerophone AE-10) 演奏：蘇俊琪(PSR-S970)audio-technica AT-2035_60s": 22.305484771728516,
  "10_country_114_beat_4-4": 13.195358276367188,
  "4_jazz_120_beat_3-4": 10.774005889892578,
  "Hedwig’s theme x dizi ｜from Harry Potter ｜竹笛也能施魔法！Bamboo flute_60s": 28.30190658569336
}