{
  "【楽譜あり】IRIS OUT⧸米津玄師（ピアノソロ上級）劇場版『チェンソーマン レゼ篇』主題歌【ピアノアレンジ楽譜】": 27.813112258911133,
  "Spirited Away OST「Always With Me ⧸ Itsumo Nando Demo」Ru's Piano Cover [Sheet Music]_60s": 31.292495727539062,
  "Mussorgsky： Pictures at an Exhibition (Pletnev, Andsnes)_60s": 22.790176391601562,
  "竹笛｜这世界那么多人_cover 莫文蔚_60s": 31.09369468688965,
  "6_rock_102_beat_3-4": 21.533611297607422,
  "【菊花台-周杰倫（D調）】附伴奏⧸鋼琴伴奏(竹笛Bamboo flute、Roland Aerophone AE-10) 演奏：蘇俊琪(PSR-S970)audio-technica AT-2035_60s": 24.593891143798828,
  "10_country_114_beat_4-4": 18.725021362304688,
  "4_jazz_120_beat_3-4": 16.59593963623047,
  "Hedwig’s theme x dizi ｜from Harry Potter ｜竹笛也能施魔法！Bamboo flute_60s": 31.241268157958984
}