{
  "10_country_114_beat_4-4": 459.4266052246094,
  "4_jazz_120_beat_3-4": 397.515625,
  "6_rock_102_beat_3-4": 546.71240234375,
  "【菊花台-周杰倫（D調）】附伴奏⧸鋼琴伴奏(竹笛Bamboo flute、Roland Aerophone AE-10) 演奏：蘇俊琪(PSR-S970)audio-technica AT-2035_60s": 124.74493408203125,
  "Mussorgsky： Pictures at an Exhibition (Pletnev, Andsnes)_60s": 156.28524780273438,
  "【楽譜あり】IRIS OUT⧸米津玄師（ピアノソロ上級）劇場版『チェンソーマン レゼ篇』主題歌【ピアノアレンジ楽譜】": 355.412353515625,
  "Spirited Away OST「Always With Me ⧸ Itsumo Nando Demo」Ru's Piano Cover [Sheet Music]_60s": 523.5115966796875,
  "Hedwig’s theme x dizi ｜from Harry Potter ｜竹笛也能施魔法！Bamboo flute_60s": 438.24957275390625,
  "竹笛｜这世界那么多人_cover 莫文蔚_60s": 528.9830932617188
}