{
  "竹笛｜这世界那么多人_cover 莫文蔚_60s": 959.1084594726562,
  "10_country_114_beat_4-4": 628.8319702148438,
  "【菊花台-周杰倫（D調）】附伴奏⧸鋼琴伴奏(竹笛Bamboo flute、Roland Aerophone AE-10) 演奏：蘇俊琪(PSR-S970)audio-technica AT-2035_60s": 819.044189453125,
  "Spirited Away OST「Always With Me ⧸ Itsumo Nando Demo」Ru's Piano Cover [Sheet Music]_60s": 951.4300537109375,
  "4_jazz_120_beat_3-4": 472.85760498046875,
  "【楽譜あり】IRIS OUT⧸米津玄師（ピアノソロ上級）劇場版『チェンソーマン レゼ篇』主題歌【ピアノアレンジ楽譜】": 861.9852294921875,
  "6_rock_102_beat_3-4": 663.2871704101562,
  "Hedwig’s theme x dizi ｜from Harry Potter ｜竹笛也能施魔法！Bamboo flute_60s": 881.603759765625,
  "Mussorgsky： Pictures at an Exhibition (Pletnev, Andsnes)_60s": 832.9559326171875
}