{
  "10_country_114_beat_4-4": 13.021167755126953,
  "4_jazz_120_beat_3-4": 9.283536911010742,
  "6_rock_102_beat_3-4": 16.072568893432617,
  "【菊花台-周杰倫（D調）】附伴奏⧸鋼琴伴奏(竹笛Bamboo flute、Roland Aerophone AE-10) 演奏：蘇俊琪(PSR-S970)audio-technica AT-2035_60s": 3.8636767864227295,
  "Mussorgsky： Pictures at an Exhibition (Pletnev, Andsnes)_60s": 2.2384073734283447,
  "【楽譜あり】IRIS OUT⧸米津玄師（ピアノソロ上級）劇場版『チェンソーマン レゼ篇』主題歌【ピアノアレンジ楽譜】": 10.575525283813477,
  "Spirited Away OST「Always With Me ⧸ Itsumo Nando Demo」Ru's Piano Cover [Sheet Music]_60s": 14.29614543914795,
  "Hedwig’s theme x dizi ｜from Harry Potter ｜竹笛也能施魔法！Bamboo flute_60s": 12.706306457519531,
  "竹笛｜这世界那么多人_cover 莫文蔚_60s": 16.314775466918945
}