{
  "竹笛｜这世界那么多人_cover 莫文蔚_60s": 928.2538452148438,
  "10_country_114_beat_4-4": 521.053955078125,
  "【菊花台-周杰倫（D調）】附伴奏⧸鋼琴伴奏(竹笛Bamboo flute、Roland Aerophone AE-10) 演奏：蘇俊琪(PSR-S970)audio-technica AT-2035_60s": 798.4818725585938,
  "Spirited Away OST「Always With Me ⧸ Itsumo Nando Demo」Ru's Piano Cover [Sheet Music]_60s": 926.954345703125,
  "4_jazz_120_beat_3-4": 450.6983642578125,
  "【楽譜あり】IRIS OUT⧸米津玄師（ピアノソロ上級）劇場版『チェンソーマン レゼ篇』主題歌【ピアノアレンジ楽譜】": 809.8743896484375,
  "6_rock_102_beat_3-4": 533.7357788085938,
  "Hedwig’s theme x dizi ｜from Harry Potter ｜竹笛也能施魔法！Bamboo flute_60s": 774.7452392578125,
  "Mussorgsky： Pictures at an Exhibition (Pletnev, Andsnes)_60s": 449.72259521484375
}