{
  "10_country_114_beat_4-4": 398.4493713378906,
  "4_jazz_120_beat_3-4": 299.4354248046875,
  "6_rock_102_beat_3-4": 511.8198547363281,
  "【菊花台-周杰倫（D調）】附伴奏⧸鋼琴伴奏(竹笛Bamboo flute、Roland Aerophone AE-10) 演奏：蘇俊琪(PSR-S970)audio-technica AT-2035_60s": 130.99676513671875,
  "Mussorgsky： Pictures at an Exhibition (Pletnev, Andsnes)_60s": 104.75120544433594,
  "【楽譜あり】IRIS OUT⧸米津玄師（ピアノソロ上級）劇場版『チェンソーマン レゼ篇』主題歌【ピアノアレンジ楽譜】": 282.11138916015625,
  "Spirited Away OST「Always With Me ⧸ Itsumo Nando Demo」Ru's Piano Cover [Sheet Music]_60s": 493.5472412109375,
  "Hedwig’s theme x dizi ｜from Harry Potter ｜竹笛也能施魔法！Bamboo flute_60s": 341.0658874511719,
  "竹笛｜这世界那么多人_cover 莫文蔚_60s": 502.69708251953125
}