{
  "10_country_114_beat_4-4": 0.36079580129378735,
  "4_jazz_120_beat_3-4": 0.5482729159038203,
  "6_rock_102_beat_3-4": 0.25704870010984987,
  "Hedwig’s theme x dizi ｜from Harry Potter ｜竹笛也能施魔法！Bamboo flute_60s": 0.8883192969608202,
  "Mussorgsky： Pictures at an Exhibition (Pletnev, Andsnes)_60s": 0.8347369705846455,
  "Spirited Away OST「Always With Me ⧸ Itsumo Nando Demo」Ru's Piano Cover [Sheet Music]_60s": 0.7027950689613084,
  "【楽譜あり】IRIS OUT⧸米津玄師（ピアノソロ上級）劇場版『チェンソーマン レゼ篇』主題歌【ピアノアレンジ楽譜】": 0.6958379104113267,
  "【菊花台-周杰倫（D調）】附伴奏⧸鋼琴伴奏(竹笛Bamboo flute、Roland Aerophone AE-10) 演奏：蘇俊琪(PSR-S970)audio-technica AT-2035_60s": 0.7845721957768828,
  "竹笛｜这世界那么多人_cover 莫文蔚_60s": 0.8632979372635177
}