{
  "【楽譜あり】IRIS OUT⧸米津玄師（ピアノソロ上級）劇場版『チェンソーマン レゼ篇』主題歌【ピアノアレンジ楽譜】": 26.237855911254883,
  "Spirited Away OST「Always With Me ⧸ Itsumo Nando Demo」Ru's Piano Cover [Sheet Music]_60s": 30.189685821533203,
  "Mussorgsky： Pictures at an Exhibition (Pletnev, Andsnes)_60s": 20.038593292236328,
  "竹笛｜这世界那么多人_cover 莫文蔚_60s": 30.244644165039062,
  "6_rock_102_beat_3-4": 16.78468132019043,
  "【菊花台-周杰倫（D調）】附伴奏⧸鋼琴伴奏(竹笛Bamboo flute、Roland Aerophone AE-10) 演奏：蘇俊琪(PSR-S970)audio-technica AT-2035_60s": 25.86078643798828,
  "10_country_114_beat_4-4": 14.99384593963623,
  "4_jazz_120_beat_3-4": 13.504668235778809,
  "Hedwig’s theme x dizi ｜from Harry Potter ｜竹笛也能施魔法！Bamboo flute_60s": 28.522323608398438
}