{
  "10_country_114_beat_4-4": 450.9864501953125,
  "4_jazz_120_beat_3-4": 376.3530578613281,
  "6_rock_102_beat_3-4": 473.75482177734375,
  "【菊花台-周杰倫（D調）】附伴奏⧸鋼琴伴奏(竹笛Bamboo flute、Roland Aerophone AE-10) 演奏：蘇俊琪(PSR-S970)audio-technica AT-2035_60s": 49.446041107177734,
  "Mussorgsky： Pictures at an Exhibition (Pletnev, Andsnes)_60s": 276.2925720214844,
  "【楽譜あり】IRIS OUT⧸米津玄師（ピアノソロ上級）劇場版『チェンソーマン レゼ篇』主題歌【ピアノアレンジ楽譜】": 355.3712463378906,
  "Spirited Away OST「Always With Me ⧸ Itsumo Nando Demo」Ru's Piano Cover [Sheet Music]_60s": 533.6721801757812,
  "Hedwig’s theme x dizi ｜from Harry Potter ｜竹笛也能施魔法！Bamboo flute_60s": 417.53851318359375,
  "竹笛｜这世界那么多人_cover 莫文蔚_60s": 459.67462158203125
}