{
  "mean_melody_accuracy": 0.11916335611266415,
  "results": {
    "10_country_114_beat_4-4": 0.06994328922495274,
    "4_jazz_120_beat_3-4": 0.05873821609862219,
    "6_rock_102_beat_3-4": 0.11996904024767802,
    "Hedwig’s theme x dizi ｜from Harry Potter ｜竹笛也能施魔法！Bamboo flute_60s": 0.14347910216718265,
    "Mussorgsky： Pictures at an Exhibition (Pletnev, Andsnes)_60s": 0.16960139318885448,
    "Spirited Away OST「Always With Me ⧸ Itsumo Nando Demo」Ru's Piano Cover [Sheet Music]_60s": 0.170859133126935,
    "【楽譜あり】IRIS OUT⧸米津玄師（ピアノソロ上級）劇場版『チェンソーマン レゼ篇』主題歌【ピアノアレンジ楽譜】": 0.17172987616099072,
    "【菊花台-周杰倫（D調）】附伴奏⧸鋼琴伴奏(竹笛Bamboo flute、Roland Aerophone AE-10) 演奏：蘇俊琪(PSR-S970)audio-technica AT-2035_60s": 0.04189241486068111,
    "竹笛｜这世界那么多人_cover 莫文蔚_60s": 0.12625773993808048
  }
}