{
  "竹笛｜这世界那么多人_cover 莫文蔚_60s": 729.8583984375,
  "10_country_114_beat_4-4": 588.00341796875,
  "【菊花台-周杰倫（D調）】附伴奏⧸鋼琴伴奏(竹笛Bamboo flute、Roland Aerophone AE-10) 演奏：蘇俊琪(PSR-S970)audio-technica AT-2035_60s": 575.7372436523438,
  "Spirited Away OST「Always With Me ⧸ Itsumo Nando Demo」Ru's Piano Cover [Sheet Music]_60s": 584.1336059570312,
  "4_jazz_120_beat_3-4": 444.11138916015625,
  "【楽譜あり】IRIS OUT⧸米津玄師（ピアノソロ上級）劇場版『チェンソーマン レゼ篇』主題歌【ピアノアレンジ楽譜】": 796.0380859375,
  "6_rock_102_beat_3-4": 579.2379150390625,
  "Hedwig’s theme x dizi ｜from Harry Potter ｜竹笛也能施魔法！Bamboo flute_60s": 800.847900390625,
  "Mussorgsky： Pictures at an Exhibition (Pletnev, Andsnes)_60s": 227.03872680664062
}