{
  "10_country_114_beat_4-4": 537.7734375,
  "4_jazz_120_beat_3-4": 520.8093872070312,
  "6_rock_102_beat_3-4": 379.9588928222656,
  "【菊花台-周杰倫（D調）】附伴奏⧸鋼琴伴奏(竹笛Bamboo flute、Roland Aerophone AE-10) 演奏：蘇俊琪(PSR-S970)audio-technica AT-2035_60s": 190.399658203125,
  "Mussorgsky： Pictures at an Exhibition (Pletnev, Andsnes)_60s": 196.33856201171875,
  "【楽譜あり】IRIS OUT⧸米津玄師（ピアノソロ上級）劇場版『チェンソーマン レゼ篇』主題歌【ピアノアレンジ楽譜】": 442.7098083496094,
  "Spirited Away OST「Always With Me ⧸ Itsumo Nando Demo」Ru's Piano Cover [Sheet Music]_60s": 551.2230834960938,
  "Hedwig’s theme x dizi ｜from Harry Potter ｜竹笛也能施魔法！Bamboo flute_60s": 617.5377197265625,
  "竹笛｜这世界那么多人_cover 莫文蔚_60s": 582.1680297851562
}