{
  "【楽譜あり】IRIS OUT⧸米津玄師（ピアノソロ上級）劇場版『チェンソーマン レゼ篇』主題歌【ピアノアレンジ楽譜】": 25.194419860839844,
  "Spirited Away OST「Always With Me ⧸ Itsumo Nando Demo」Ru's Piano Cover [Sheet Music]_60s": 21.201038360595703,
  "Mussorgsky： Pictures at an Exhibition (Pletnev, Andsnes)_60s": 9.11669921875,
  "竹笛｜这世界那么多人_cover 莫文蔚_60s": 23.867868423461914,
  "6_rock_102_beat_3-4": 21.761924743652344,
  "【菊花台-周杰倫（D調）】附伴奏⧸鋼琴伴奏(竹笛Bamboo flute、Roland Aerophone AE-10) 演奏：蘇俊琪(PSR-S970)audio-technica AT-2035_60s": 21.5579776763916,
  "10_country_114_beat_4-4": 20.45085334777832,
  "4_jazz_120_beat_3-4": 16.535388946533203,
  "Hedwig’s theme x dizi ｜from Harry Potter ｜竹笛也能施魔法！Bamboo flute_60s": 13.525331497192383
}