{
  "10_country_114_beat_4-4": 13.010631561279297,
  "4_jazz_120_beat_3-4": 15.90834903717041,
  "6_rock_102_beat_3-4": 18.288799285888672,
  "【菊花台-周杰倫（D調）】附伴奏⧸鋼琴伴奏(竹笛Bamboo flute、Roland Aerophone AE-10) 演奏：蘇俊琪(PSR-S970)audio-technica AT-2035_60s": 5.880437850952148,
  "Mussorgsky： Pictures at an Exhibition (Pletnev, Andsnes)_60s": 11.040018081665039,
  "【楽譜あり】IRIS OUT⧸米津玄師（ピアノソロ上級）劇場版『チェンソーマン レゼ篇』主題歌【ピアノアレンジ楽譜】": 13.075031280517578,
  "Spirited Away OST「Always With Me ⧸ Itsumo Nando Demo」Ru's Piano Cover [Sheet Music]_60s": 14.615885734558105,
  "Hedwig’s theme x dizi ｜from Harry Potter ｜竹笛也能施魔法！Bamboo flute_60s": 15.420114517211914,
  "竹笛｜这世界那么多人_cover 莫文蔚_60s": 14.212699890136719
}