{
  "10_country_114_beat_4-4": 433.7780456542969,
  "4_jazz_120_beat_3-4": 407.4620056152344,
  "6_rock_102_beat_3-4": 545.26220703125,
  "【菊花台-周杰倫（D調）】附伴奏⧸鋼琴伴奏(竹笛Bamboo flute、Roland Aerophone AE-10) 演奏：蘇俊琪(PSR-S970)audio-technica AT-2035_60s": 210.57369995117188,
  "Mussorgsky： Pictures at an Exhibition (Pletnev, Andsnes)_60s": 242.53955078125,
  "【楽譜あり】IRIS OUT⧸米津玄師（ピアノソロ上級）劇場版『チェンソーマン レゼ篇』主題歌【ピアノアレンジ楽譜】": 385.4407043457031,
  "Spirited Away OST「Always With Me ⧸ Itsumo Nando Demo」Ru's Piano Cover [Sheet Music]_60s": 518.4618530273438,
  "Hedwig’s theme x dizi ｜from Harry Potter ｜竹笛也能施魔法！Bamboo flute_60s": 553.666748046875,
  "竹笛｜这世界那么多人_cover 莫文蔚_60s": 516.4452514648438
}