{
  "竹笛｜这世界那么多人_cover 莫文蔚_60s": 852.3875122070312,
  "10_country_114_beat_4-4": 576.9656372070312,
  "【菊花台-周杰倫（D調）】附伴奏⧸鋼琴伴奏(竹笛Bamboo flute、Roland Aerophone AE-10) 演奏：蘇俊琪(PSR-S970)audio-technica AT-2035_60s": 773.581787109375,
  "Spirited Away OST「Always With Me ⧸ Itsumo Nando Demo」Ru's Piano Cover [Sheet Music]_60s": 970.732177734375,
  "4_jazz_120_beat_3-4": 481.0936279296875,
  "【楽譜あり】IRIS OUT⧸米津玄師（ピアノソロ上級）劇場版『チェンソーマン レゼ篇』主題歌【ピアノアレンジ楽譜】": 868.648681640625,
  "6_rock_102_beat_3-4": 735.8935546875,
  "Hedwig’s theme x dizi ｜from Harry Potter ｜竹笛也能施魔法！Bamboo flute_60s": 928.0443115234375,
  "Mussorgsky： Pictures at an Exhibition (Pletnev, Andsnes)_60s": 822.9649658203125
}