{
  "【楽譜あり】IRIS OUT⧸米津玄師（ピアノソロ上級）劇場版『チェンソーマン レゼ篇』主題歌【ピアノアレンジ楽譜】": 26.725200653076172,
  "Spirited Away OST「Always With Me ⧸ Itsumo Nando Demo」Ru's Piano Cover [Sheet Music]_60s": 30.819692611694336,
  "Mussorgsky： Pictures at an Exhibition (Pletnev, Andsnes)_60s": 26.103111267089844,
  "竹笛｜这世界那么多人_cover 莫文蔚_60s": 27.688129425048828,
  "6_rock_102_beat_3-4": 23.7570858001709,
  "【菊花台-周杰倫（D調）】附伴奏⧸鋼琴伴奏(竹笛Bamboo flute、Roland Aerophone AE-10) 演奏：蘇俊琪(PSR-S970)audio-technica AT-2035_60s": 23.200937271118164,
  "10_country_114_beat_4-4": 18.642383575439453,
  "4_jazz_120_beat_3-4": 14.542381286621094,
  "Hedwig’s theme x dizi ｜from Harry Potter ｜竹笛也能施魔法！Bamboo flute_60s": 29.994873046875
}